"Id","OwnerId","IsDeleted","Name","CreatedDate","CreatedById","LastModifiedDate","LastModifiedById","SystemModstamp","LastActivityDate","Employee_ID__c","Designation__c","Employee_contact__c","Emp_Address__c"
"a050Y0000036UKEQA2","0050Y000000Gl4VQAS","0","Mark Butcher","2017-05-02 00:21:25","0050Y000000Gl4VQAS","2017-05-02 00:21:25","0050Y000000Gl4VQAS","2017-05-03 01:48:46","","E230","Mechanic","08932413","#32 Rose avenue Dublin 5"
"a050Y0000036UOlQAM","0050Y000000Gl4VQAS","0","John","2017-05-02 04:25:07","0050Y000000Gl4VQAS","2017-05-02 04:25:07","0050Y000000Gl4VQAS","2017-05-02 04:25:07","","E231","Mechanic","08932341","24 church street Dublin 10"
"a050Y0000036UOqQAM","0050Y000000Gl4VQAS","0","Steve Parker","2017-05-02 04:25:58","0050Y000000Gl4VQAS","2017-05-02 04:25:58","0050Y000000Gl4VQAS","2017-05-02 04:25:58","","E243","Mechanic","08932134","#87 west park Dublin 15"
"a050Y0000036UOvQAM","0050Y000000Gl4VQAS","0","Josh Peck","2017-05-02 04:26:42","0050Y000000Gl4VQAS","2017-05-02 04:26:42","0050Y000000Gl4VQAS","2017-05-02 04:26:42","","E244","Mechanic","089232143","#21 Pearl street Dublin 3"
"a050Y0000036UP0QAM","0050Y000000Gl4VQAS","0","Sean Scott","2017-05-02 04:27:22","0050Y000000Gl4VQAS","2017-05-02 04:27:22","0050Y000000Gl4VQAS","2017-05-02 04:27:22","","E245","Mechanic","089234212","#45/7 Sesame street Dublin 5"
"a050Y0000036UP5QAM","0050Y000000Gl4VQAS","0","Jack","2017-05-02 04:28:51","0050Y000000Gl4VQAS","2017-05-02 04:28:51","0050Y000000Gl4VQAS","2017-05-02 04:28:51","","E233","Mechanic","083358134","#65 Rosemund avenue Dublin 7"
"a050Y0000036UPAQA2","0050Y000000Gl4VQAS","0","Mathew","2017-05-02 04:29:51","0050Y000000Gl4VQAS","2017-05-02 04:29:51","0050Y000000Gl4VQAS","2017-05-02 04:29:51","","E232","Mechanic","08954621","#86 Carlos street dublin 10"
"a050Y0000036UPFQA2","0050Y000000Gl4VQAS","0","Mike","2017-05-02 04:31:30","0050Y000000Gl4VQAS","2017-05-02 04:31:30","0050Y000000Gl4VQAS","2017-05-03 01:48:46","","E234","Mechanic","08976542","#89/1 James street Dublin 12"
"a050Y0000036UPKQA2","0050Y000000Gl4VQAS","0","Connor Langdon","2017-05-02 04:50:01","0050Y000000Gl4VQAS","2017-05-02 04:50:01","0050Y000000Gl4VQAS","2017-05-02 05:16:54","","E245","Coordinator","89234231","Gilchriston Cottages, Humbie EH36 5PE"
"a050Y0000036UPPQA2","0050Y000000Gl4VQAS","0","Eric	Forsyth","2017-05-02 04:50:59","0050Y000000Gl4VQAS","2017-05-02 04:50:59","0050Y000000Gl4VQAS","2017-05-02 05:16:54","","E255","Coordinator","07700 900799","82 Spinneyfield, Rotherham S60 3LZ"
"a050Y0000036UPUQA2","0050Y000000Gl4VQAS","0","Blake Morrison","2017-05-02 04:51:29","0050Y000000Gl4VQAS","2017-05-02 04:51:29","0050Y000000Gl4VQAS","2017-05-02 04:51:29","","E256","Billing","07700 900613","16 Beechcroft Rd, Chessington KT9 1R"
"a050Y0000036UPZQA2","0050Y000000Gl4VQAS","0","Rebecca	Sharp","2017-05-02 04:52:03","0050Y000000Gl4VQAS","2017-05-02 04:52:03","0050Y000000Gl4VQAS","2017-05-02 05:16:54","","E256","Coordinator","07700 900728","51 The Crescent, Northallerton DL6 1EU"
"a050Y0000036UPeQAM","0050Y000000Gl4VQAS","0","Liam	Miller","2017-05-02 04:52:35","0050Y000000Gl4VQAS","2017-05-02 04:52:35","0050Y000000Gl4VQAS","2017-05-02 04:52:35","","E257","Billing","07700 900733","8 Connaught Rd, Bagshot GU19 5EL"
"a050Y0000036UPjQAM","0050Y000000Gl4VQAS","0","Julian Paige","2017-05-02 04:53:03","0050Y000000Gl4VQAS","2017-05-02 04:53:03","0050Y000000Gl4VQAS","2017-05-02 05:16:54","","E258","Coordinator","07700 900695","5 Stray Walk, Harrogate HG2 8HU"
"a050Y0000036UPoQAM","0050Y000000Gl4VQAS","0","Tim	Anderson","2017-05-02 04:53:31","0050Y000000Gl4VQAS","2017-05-02 04:53:31","0050Y000000Gl4VQAS","2017-05-02 04:53:31","","E258","Billing","07700 900687","66 Edmeston Cl, London E9 5TL"
"a050Y0000036UPtQAM","0050Y000000Gl4VQAS","0","Jan	Churchill","2017-05-02 04:54:11","0050Y000000Gl4VQAS","2017-05-02 04:54:11","0050Y000000Gl4VQAS","2017-05-03 01:48:46","","E260","Mechanic","0113 496 0843","B4519, Llangammarch Wells LD4"
