"Id","TableEnumOrId","FieldEnumOrId","CreatedById","CreatedDate"
"7370Y000002NESMQA4","Case","Asset","0050Y000000Gl4VQAS","2017-03-21 13:34:36"
"7370Y000002NESNQA4","Case","Contact","0050Y000000Gl4VQAS","2017-03-21 13:34:36"
"7370Y000002NESOQA4","Case","CurrencyIsoCode","0050Y000000Gl4VQAS","2017-03-21 13:34:36"
"7370Y000002NESPQA4","Case","Description","0050Y000000Gl4VQAS","2017-03-21 13:34:36"
"7370Y000002NESQQA4","Case","IsVisibleInSelfService","0050Y000000Gl4VQAS","2017-03-21 13:34:36"
"7370Y000002NESRQA4","Case","Origin","0050Y000000Gl4VQAS","2017-03-21 13:34:36"
"7370Y000002NESSQA4","Case","Owner","0050Y000000Gl4VQAS","2017-03-21 13:34:36"
"7370Y000002NESTQA4","Case","Priority","0050Y000000Gl4VQAS","2017-03-21 13:34:36"
"7370Y000002NESUQA4","Case","Reason","0050Y000000Gl4VQAS","2017-03-21 13:34:36"
"7370Y000002NESVQA4","Case","RecordType","0050Y000000Gl4VQAS","2017-03-21 13:34:36"
"7370Y000002NESWQA4","Case","Status","0050Y000000Gl4VQAS","2017-03-21 13:34:36"
"7370Y000002NESXQA4","Case","Subject","0050Y000000Gl4VQAS","2017-03-21 13:34:36"
"7370Y000002NESYQA4","Case","Type","0050Y000000Gl4VQAS","2017-03-21 13:34:36"
"7370Y000002NESZQA4","Contract","Account","0050Y000000Gl4VQAS","2017-03-21 13:34:36"
"7370Y000002NESaQAO","Contract","AutoRenewCode","0050Y000000Gl4VQAS","2017-03-21 13:34:36"
"7370Y000002NESbQAO","Contract","BankAccountName","0050Y000000Gl4VQAS","2017-03-21 13:34:36"
"7370Y000002NEScQAO","Contract","BankAccountNumber","0050Y000000Gl4VQAS","2017-03-21 13:34:36"
"7370Y000002NESdQAO","Contract","BankAccountType","0050Y000000Gl4VQAS","2017-03-21 13:34:36"
"7370Y000002NESeQAO","Contract","BankAddress","0050Y000000Gl4VQAS","2017-03-21 13:34:36"
"7370Y000002NESfQAO","Contract","BankBranchCode","0050Y000000Gl4VQAS","2017-03-21 13:34:36"
"7370Y000002NESgQAO","Contract","BankCode","0050Y000000Gl4VQAS","2017-03-21 13:34:36"
"7370Y000002NEShQAO","Contract","BankName","0050Y000000Gl4VQAS","2017-03-21 13:34:36"
"7370Y000002NESiQAO","Contract","BankReferenceNumber","0050Y000000Gl4VQAS","2017-03-21 13:34:36"
"7370Y000002NESjQAO","Contract","BillingAddress","0050Y000000Gl4VQAS","2017-03-21 13:34:36"
"7370Y000002NESkQAO","Contract","BillingCompany","0050Y000000Gl4VQAS","2017-03-21 13:34:36"
"7370Y000002NESlQAO","Contract","BillingEmail","0050Y000000Gl4VQAS","2017-03-21 13:34:36"
"7370Y000002NESmQAO","Contract","BillingFax","0050Y000000Gl4VQAS","2017-03-21 13:34:36"
"7370Y000002NESnQAO","Contract","BillingLanguage","0050Y000000Gl4VQAS","2017-03-21 13:34:36"
"7370Y000002NESoQAO","Contract","BillingName","0050Y000000Gl4VQAS","2017-03-21 13:34:36"
"7370Y000002NESpQAO","Contract","BillingPhone","0050Y000000Gl4VQAS","2017-03-21 13:34:36"
"7370Y000002NESqQAO","Contract","CompanySigned","0050Y000000Gl4VQAS","2017-03-21 13:34:36"
"7370Y000002NESrQAO","Contract","CompanySignedDate","0050Y000000Gl4VQAS","2017-03-21 13:34:36"
"7370Y000002NESsQAO","Contract","ContractTerm","0050Y000000Gl4VQAS","2017-03-21 13:34:36"
"7370Y000002NEStQAO","Contract","CreditCardExpirationDate","0050Y000000Gl4VQAS","2017-03-21 13:34:36"
"7370Y000002NESuQAO","Contract","CreditCardNumber","0050Y000000Gl4VQAS","2017-03-21 13:34:36"
"7370Y000002NESvQAO","Contract","CreditCardType","0050Y000000Gl4VQAS","2017-03-21 13:34:36"
"7370Y000002NESwQAO","Contract","CurrencyIsoCode","0050Y000000Gl4VQAS","2017-03-21 13:34:36"
"7370Y000002NESxQAO","Contract","CustomerExpirationNotice","0050Y000000Gl4VQAS","2017-03-21 13:34:36"
"7370Y000002NESyQAO","Contract","CustomerSigned","0050Y000000Gl4VQAS","2017-03-21 13:34:36"
"7370Y000002NESzQAO","Contract","CustomerSignedDate","0050Y000000Gl4VQAS","2017-03-21 13:34:36"
"7370Y000002NET0QAO","Contract","CustomerSignedTitle","0050Y000000Gl4VQAS","2017-03-21 13:34:36"
"7370Y000002NET1QAO","Contract","Description","0050Y000000Gl4VQAS","2017-03-21 13:34:36"
"7370Y000002NET2QAO","Contract","EndDate","0050Y000000Gl4VQAS","2017-03-21 13:34:36"
"7370Y000002NET3QAO","Contract","InvoiceDispatchMethod","0050Y000000Gl4VQAS","2017-03-21 13:34:36"
"7370Y000002NET4QAO","Contract","IsDunningSuppressed","0050Y000000Gl4VQAS","2017-03-21 13:34:36"
"7370Y000002NET5QAO","Contract","Name","0050Y000000Gl4VQAS","2017-03-21 13:34:36"
"7370Y000002NET6QAO","Contract","NameOnCreditCard","0050Y000000Gl4VQAS","2017-03-21 13:34:36"
"7370Y000002NET7QAO","Contract","OfferExpirationDate","0050Y000000Gl4VQAS","2017-03-21 13:34:36"
"7370Y000002NET8QAO","Contract","OrderPrebillDays","0050Y000000Gl4VQAS","2017-03-21 13:34:36"
"7370Y000002NET9QAO","Contract","Owner","0050Y000000Gl4VQAS","2017-03-21 13:34:36"
"7370Y000002NETAQA4","Contract","OwnerExpirationNotice","0050Y000000Gl4VQAS","2017-03-21 13:34:36"
"7370Y000002NETBQA4","Contract","PaymentTerm","0050Y000000Gl4VQAS","2017-03-21 13:34:36"
"7370Y000002NETCQA4","Contract","PaymentType","0050Y000000Gl4VQAS","2017-03-21 13:34:36"
"7370Y000002NETDQA4","Contract","Pricebook2","0050Y000000Gl4VQAS","2017-03-21 13:34:36"
"7370Y000002NETEQA4","Contract","RecordType","0050Y000000Gl4VQAS","2017-03-21 13:34:36"
"7370Y000002NETFQA4","Contract","RenewalDays","0050Y000000Gl4VQAS","2017-03-21 13:34:36"
"7370Y000002NETGQA4","Contract","RenewalTerm","0050Y000000Gl4VQAS","2017-03-21 13:34:36"
"7370Y000002NETHQA4","Contract","Salesrep1","0050Y000000Gl4VQAS","2017-03-21 13:34:36"
"7370Y000002NETIQA4","Contract","Salesrep1Percent","0050Y000000Gl4VQAS","2017-03-21 13:34:36"
"7370Y000002NETJQA4","Contract","Salesrep2","0050Y000000Gl4VQAS","2017-03-21 13:34:36"
"7370Y000002NETKQA4","Contract","Salesrep2Percent","0050Y000000Gl4VQAS","2017-03-21 13:34:36"
"7370Y000002NETLQA4","Contract","Salesrep3","0050Y000000Gl4VQAS","2017-03-21 13:34:36"
"7370Y000002NETMQA4","Contract","Salesrep3Percent","0050Y000000Gl4VQAS","2017-03-21 13:34:36"
"7370Y000002NETNQA4","Contract","ShippingAddress","0050Y000000Gl4VQAS","2017-03-21 13:34:36"
"7370Y000002NETOQA4","Contract","SpecialTerms","0050Y000000Gl4VQAS","2017-03-21 13:34:36"
"7370Y000002NETPQA4","Contract","StartDate","0050Y000000Gl4VQAS","2017-03-21 13:34:36"
"7370Y000002NETQQA4","Contract","Status","0050Y000000Gl4VQAS","2017-03-21 13:34:36"
"7370Y000002NETRQA4","Contract","TaxExemptionCode","0050Y000000Gl4VQAS","2017-03-21 13:34:36"
"7370Y000002NETSQA4","Order","BillToContact","0050Y000000Gl4VQAS","2017-03-21 13:34:36"
"7370Y000002NETTQA4","Order","BillingAddress","0050Y000000Gl4VQAS","2017-03-21 13:34:36"
"7370Y000002NETUQA4","Order","CompanyAuthorizedBy","0050Y000000Gl4VQAS","2017-03-21 13:34:36"
"7370Y000002NETVQA4","Order","CompanyAuthorizedDate","0050Y000000Gl4VQAS","2017-03-21 13:34:36"
"7370Y000002NETWQA4","Order","CustomerAuthorizedBy","0050Y000000Gl4VQAS","2017-03-21 13:34:36"
"7370Y000002NETXQA4","Order","CustomerAuthorizedDate","0050Y000000Gl4VQAS","2017-03-21 13:34:36"
"7370Y000002NETYQA4","Order","Description","0050Y000000Gl4VQAS","2017-03-21 13:34:36"
"7370Y000002NETZQA4","Order","EffectiveDate","0050Y000000Gl4VQAS","2017-03-21 13:34:36"
"7370Y000002NETaQAO","Order","InternalComments","0050Y000000Gl4VQAS","2017-03-21 13:34:36"
"7370Y000002NETbQAO","Order","Name","0050Y000000Gl4VQAS","2017-03-21 13:34:36"
"7370Y000002NETcQAO","Order","OfferExpirationDate","0050Y000000Gl4VQAS","2017-03-21 13:34:36"
"7370Y000002NETdQAO","Order","OrderReferenceNumber","0050Y000000Gl4VQAS","2017-03-21 13:34:36"
"7370Y000002NETeQAO","Order","PoDate","0050Y000000Gl4VQAS","2017-03-21 13:34:36"
"7370Y000002NETfQAO","Order","PoNumber","0050Y000000Gl4VQAS","2017-03-21 13:34:36"
"7370Y000002NETgQAO","Order","ProcessingInstruction","0050Y000000Gl4VQAS","2017-03-21 13:34:36"
"7370Y000002NEThQAO","Order","ShipToContact","0050Y000000Gl4VQAS","2017-03-21 13:34:36"
"7370Y000002NETiQAO","Order","ShippingAddress","0050Y000000Gl4VQAS","2017-03-21 13:34:36"
"7370Y000002NETjQAO","Order","Status","0050Y000000Gl4VQAS","2017-03-21 13:34:36"
"7370Y000002NETkQAO","Order","TotalAmount","0050Y000000Gl4VQAS","2017-03-21 13:34:36"
"7370Y000002NETlQAO","Order","Type","0050Y000000Gl4VQAS","2017-03-21 13:34:36"
"7370Y000002NETmQAO","Solution","CurrencyIsoCode","0050Y000000Gl4VQAS","2017-03-21 13:34:36"
"7370Y000002NETnQAO","Solution","IsPublished","0050Y000000Gl4VQAS","2017-03-21 13:34:36"
"7370Y000002NEToQAO","Solution","IsPublishedInPublicKb","0050Y000000Gl4VQAS","2017-03-21 13:34:36"
"7370Y000002NETpQAO","Solution","Owner","0050Y000000Gl4VQAS","2017-03-21 13:34:36"
"7370Y000002NETqQAO","Solution","RecordType","0050Y000000Gl4VQAS","2017-03-21 13:34:36"
"7370Y000002NETrQAO","Solution","SolutionName","0050Y000000Gl4VQAS","2017-03-21 13:34:36"
"7370Y000002NETsQAO","Solution","SolutionNote","0050Y000000Gl4VQAS","2017-03-21 13:34:36"
"7370Y000002NETtQAO","Solution","Status","0050Y000000Gl4VQAS","2017-03-21 13:34:36"
